description,category
Starbucks latte,food
Pizza Hut dinner,food
Grocery store,food
Restaurant lunch,food
KFC bucket,food
Bakery bread,food
Coffee shop,food
Sushi takeout,food
Burger King meal,food
Fresh vegetables market,food
Uber ride,transport
Bus ticket,transport
Taxi to airport,transport
Petrol refill,transport
Train ticket,transport
Metro pass,transport
Parking fee,transport
Bike rental,transport
CNG fare,transport
Rickshaw ride,transport
Electricity bill,utilities
Water bill,utilities
Internet bill,utilities
Gas bill,utilities
Mobile recharge,utilities
Cable TV,utilities
Phone bill,utilities
Broadband payment,utilities
Amazon order,shopping
Clothes shopping,shopping
Books purchase,shopping
Electronics store,shopping
Shoe purchase,shopping
Furniture mall,shopping
Gift shop,shopping
Online shopping,shopping
New headphones,shopping
Laptop accessories,shopping
